Atlas,Labels,Corr,RV,HR,SWI_Density,ToF_Density
TractSeg,FPT_right,0.4435179883442615,0.477728956543212,0.409307020145311,0.02709426103256278,0.011710856416981875
TractSeg,MCP,0.43029707988182053,0.477256209575896,0.383337950187745,0.029286748505158704,0.030345305548381784
TractSeg,FPT_left,0.4284465064134755,0.461392710982276,0.395500301844675,0.027342207677735285,0.011992965494000748
TractSeg,POPT_right,0.42673454589362103,0.462274452966093,0.391194638821149,0.02480375180937238,0.010134356099493043
TractSeg,POPT_left,0.422709983459527,0.458416538849539,0.387003428069515,0.024627914589927608,0.011857884773415015
TractSeg,SCP_right,0.420714131028446,0.478922585715376,0.362505676341516,0.03909671569282965,0.014719866576232732
TractSeg,CST_right,0.418800887474464,0.463124023595528,0.3744777513534,0.028890047152651185,0.011521237784475353
TractSeg,T_PREF_right,0.4149346568663605,0.426761695274803,0.403107618457918,0.014207412336058739,0.003147265504214991
TractSeg,CST_left,0.4103343680963265,0.458413453748378,0.362255282444275,0.029325110958350744,0.013783959589892158
TractSeg,SCP_left,0.4039301720229015,0.455657751563539,0.352202592482264,0.04409765233492045,0.012514669694833497
TractSeg,ATR_right,0.400154888904047,0.417281728182331,0.383028049625763,0.019171334379634423,0.004542081349970545
TractSeg,T_PREF_left,0.398155844938348,0.403366061874919,0.392945628001777,0.013019702656908251,0.0026948717898624343
Tian,aTHA-lh,0.3875882990511605,0.443237620394928,0.331938977707393,0.04441394638794158,0.020772253013099245
TractSeg,T_PREM_right,0.38587898982764346,0.426940533416814,0.344817446238473,0.022596842739096738,0.005531223836836431
Tian,aTHA-rh,0.38503309068220404,0.444294940499607,0.325771240864801,0.03293459550210625,0.020164672223625668
TractSeg,ATR_left,0.38425513845424497,0.397948070493558,0.370562206414932,0.017779023858713074,0.0039045617475359936
TractSeg,T_PAR_right,0.38339123250514595,0.402885268112212,0.36389719689808,0.016283199887804013,0.00425049573073275
Schaefer,RH_SomMotB_Aud_2,0.3830603867966895,0.44175608319204,0.324364690401339,0.06502151797799503,0.052453369515783645
TractSeg,ST_PREF_right,0.3828206814250835,0.383118725597991,0.382522637252176,0.016894759626005385,0.0020421825908038755
TractSeg,T_PREC_right,0.3827601192937645,0.405054273211286,0.360465965376243,0.012495353078413587,0.003821995873593781
TractSeg,CC,0.3759943301593065,0.354218909043824,0.397769751274789,0.009790717949496198,0.0021741506285586944
TractSeg,T_PREC_left,0.3753393351206225,0.393166519884389,0.357512150356856,0.011746631110311488,0.002910416319686482
TractSeg,ST_PREC_left,0.374378602950993,0.375576693834823,0.373180512067163,0.015836695198671955,0.002526364323125502
TractSeg,T_PREM_left,0.372446114266759,0.400725985094703,0.344166243438815,0.019832723225166667,0.004874709756467376
TractSeg,ST_POSTC_right,0.3719558312175575,0.38632227802519,0.357589384409925,0.01871631377644199,0.003214133314785002
Schaefer,LH_SalVentAttnB_PFCmp_1,0.37126620243491504,0.421989404344406,0.320543000525424,0.06044265853868352,0.04476769548148913
Schaefer,LH_SomMotB_Aud_2,0.371065440355152,0.413694538846069,0.328436341864235,0.03897461286004709,0.017521154165876154
TractSeg,T_POSTC_right,0.3710280549585435,0.400781584995825,0.341274524921262,0.014667557067658803,0.004994988119969629
TractSeg,ST_PAR_right,0.3699523231420685,0.370735384233862,0.369169262050275,0.017629217071367383,0.002279598237675659
TractSeg,ST_PREC_right,0.3689662529447445,0.375830607081097,0.362101898808392,0.017861916691554885,0.002762841162851464
TractSeg,ST_PREF_left,0.368801155296151,0.367906277339134,0.369696033253168,0.014826594020718642,0.0019832451764296164
TractSeg,IFO_left,0.36747834165864246,0.370997106357847,0.363959576959438,0.017425189032116765,0.0011951570583759376
TractSeg,IFO_right,0.3673181003798755,0.366244677086103,0.368391523673648,0.024634931870512276,0.0022196781513555124
Schaefer,RH_SomMotB_S2_6,0.3657197021963915,0.386908704557539,0.344530699835244,0.04049345364786944,0.03842169541189569
Schaefer,RH_SomMotB_S2_4,0.3627312143992125,0.407407037089433,0.318055391708992,0.06117390220363935,0.03708110101581589
Schaefer,RH_SalVentAttnB_PFCmp_2,0.3611153134334585,0.406313812829567,0.31591681403735,0.02271424076279076,0.011423278364199626
TractSeg,ST_POSTC_left,0.361070868482066,0.374684972956801,0.347456764007331,0.014484795359731096,0.002613632522526758
Schaefer,LH_SomMotB_Cent_5,0.360459298582746,0.357593953059478,0.363324644106014,0.06575381363693036,0.013978033996464913
TractSeg,CC_6,0.35963259582998,0.351797011208357,0.367468180451603,0.010924507170314315,0.001973426796060366
Schaefer,LH_SomMotB_S2_4,0.35884333943368196,0.38610274694579,0.331583931921574,0.02670311067124893,0.006938603610314172
TractSeg,STR_right,0.3584685336564405,0.381792277600911,0.33514478971197,0.01270990826872759,0.004402314601506729
TractSeg,ST_OCC_right,0.35809841665006603,0.360349771959804,0.355847061340328,0.027203461354298866,0.0017221946069581671
Schaefer,RH_SomMotB_Cent_3,0.3577128959908915,0.349018624022368,0.366407167959415,0.04592840124161974,0.020554680527458267
TractSeg,T_PAR_left,0.35743635101210747,0.367652426331348,0.347220275692867,0.011437679422811606,0.0024822197908414335
Schaefer,RH_SomMotB_Aud_3,0.35732581437657296,0.396289242124667,0.318362386628479,0.03231895982573276,0.024692289277495984
TractSeg,T_POSTC_left,0.35623992670995497,0.382223413783707,0.330256439636203,0.011692072725854813,0.003521341332234442
TractSeg,T_OCC_right,0.353771447711049,0.375339779060578,0.33220311636152,0.022841426341045506,0.0041398275942052505
TractSeg,ST_OCC_left,0.353649638880013,0.356754433982259,0.350544843777767,0.02186158335762282,0.0010378826805885802
Schaefer,RH_SomMotB_Cent_2,0.3535493352545235,0.341241466440847,0.3658572040682,0.042472664250767435,0.03421993148994857
TractSeg,CG_right,0.3520112628533125,0.365987212607579,0.338035313099046,0.006498188908736903,0.0018829523993266865
Schaefer,RH_SalVentAttnB_PFCmp_1,0.35103647304124697,0.396611303737345,0.305461642345149,0.02777618259191513,0.00849354344255784
TractSeg,CC_7,0.350221401927368,0.350694850321429,0.349747953533307,0.020191922444300573,0.002798880331340383
Schaefer,LH_VisCent_ExStr_3,0.34968971653526604,0.370842716499284,0.328536716571248,0.07221424855104014,0.009769761115729976
Schaefer,LH_VisCent_Striate_1,0.3494354182404255,0.374400988950286,0.324469847530565,0.05804499684897966,0.048402342569920445
Schaefer,RH_VisCent_Striate_1,0.348455867280164,0.37261620683504,0.324295527725288,0.05074798820413369,0.043081513946676454
Schaefer,LH_SomMotA_2,0.3480712462687,0.360899623709859,0.335242868827541,0.02154265109657636,0.008666583918375412
TractSeg,OR_right,0.3462873158258005,0.370842257029852,0.321732374621749,0.02259161078780165,0.004625054181974556
Schaefer,LH_SalVentAttnA_FrMed_1,0.3462477000895115,0.385737659241916,0.306757740937107,0.055169869298748765,0.025004606740901093
TractSeg,ST_PAR_left,0.34581075306320097,0.346878649469144,0.344742856657258,0.012507432537094977,0.0017339508935482477
Schaefer,LH_SomMotB_Cent_3,0.3450519144075375,0.330312520808387,0.359791308006688,0.03159357885313775,0.011626437074779847
Schaefer,RH_SomMotB_S2_8,0.3444491442423,0.377249748959111,0.311648539525489,0.030629607437308446,0.04225751424078331
Schaefer,RH_SalVentAttnB_PFCl_3,0.3444445274921685,0.349705124158668,0.339183930825669,0.030949597323235625,0.021902212092920655
Schaefer,LH_DefaultA_PFCm_6,0.344238818442688,0.395578752305454,0.292898884579922,0.050875682958159675,0.05119802069230752
Tian,PUT-lh,0.34378609728641196,0.38735288213677,0.300219312436054,0.04401858132332563,0.013008129596710206
Schaefer,LH_SalVentAttnB_PFCl_2,0.3433447947767745,0.35263260355432,0.334056985999229,0.02570863448332148,0.010314474732204917
Schaefer,RH_SalVentAttnA_FrOper_2,0.3417943820765555,0.384062478750628,0.299526285402483,0.05714736493081337,0.04822795609054442
Schaefer,RH_SalVentAttnA_ParOper_1,0.3402568640413465,0.379033931572322,0.301479796510371,0.058831796372142926,0.030997398220840036
Schaefer,LH_SalVentAttnA_Ins_1,0.340066181677224,0.401916996992157,0.278215366362291,0.03047512673042916,0.007200445956598944
TractSeg,T_OCC_left,0.33910263502677296,0.34390118681424,0.334304083239306,0.01878105829136154,0.0019649282411892464
Schaefer,RH_SomMotA_3,0.3388067261827885,0.351534802435625,0.326078649929952,0.04481967726451719,0.03481342376042635
Schaefer,LH_SomMotB_Aud_1,0.3385115016835895,0.390885463177963,0.286137540189216,0.09320557088952283,0.08063712993598714
Schaefer,LH_SomMotB_Cent_1,0.33738742321756354,0.339985593779273,0.334789252655854,0.016482143831334423,0.003912428057031013
TractSeg,OR_left,0.3372399346552625,0.34273758829032,0.331742281020205,0.01859020060248784,0.002016861387779606
TractSeg,ST_PREM_right,0.336089896691409,0.345528583187976,0.326651210194842,0.028556010107287262,0.0023742714418774156
Schaefer,RH_VisPeri_StriCal_1,0.333171705211849,0.351778346282065,0.314565064141633,0.07328668851907204,0.014726913697934944
TractSeg,AF_right,0.332874110811354,0.309887865701052,0.355860355921656,0.007453695152688325,0.0008301099009954515
Tian,PUT-rh,0.33184257377966253,0.3717914017347,0.291893745824625,0.03900600410061865,0.013390120830218396
Schaefer,RH_SalVentAttnA_ParOper_2,0.331534483405476,0.371122123017272,0.29194684379368,0.04102358920652358,0.034626148079262405
Schaefer,LH_SalVentAttnA_FrMed_2,0.331371877462158,0.362048232083776,0.30069552284054,0.052919822363255854,0.03311468999317359
Schaefer,RH_VisCent_ExStr_2,0.33113277341653946,0.350436725906155,0.311828820926924,0.06539870831401237,0.008656640648069777
Schaefer,LH_VisPeri_StriCal_2,0.3302645692613295,0.351387284034439,0.30914185448822,0.0972421450909706,0.016844677688119716
Schaefer,RH_SomMotB_S2_5,0.3300835814955645,0.363651693325623,0.296515469665506,0.06924782302621361,0.025925293200082713
Schaefer,RH_SomMotB_Ins_1,0.32997122998725703,0.390804614591578,0.269137845382936,0.05981046810841105,0.043187818424716876
Schaefer,RH_SalVentAttnA_FrMed_1,0.32948401581409703,0.36826116723611,0.290706864392084,0.0383434711318267,0.025283249602301442
Schaefer,LH_SomMotB_S2_2,0.32907786288643903,0.373394737982362,0.284760987790516,0.0833805980117515,0.03913783191075159
Schaefer,LH_ContC_pCun_2,0.32887039262814854,0.344416196938284,0.313324588318013,0.045821375460090005,0.06061692755011951
TractSeg,CC_2,0.3288140271672425,0.305418880453463,0.352209173881022,0.006785516883656445,0.0029174246986873593
TractSeg,STR_left,0.327039239942727,0.35000451191603,0.304073967969424,0.01175377424274172,0.003344947610582624
Schaefer,LH_SalVentAttnA_FrOper_1,0.3262621755829745,0.368870031256014,0.283654319909935,0.05782088464751667,0.03107637132456864
TractSeg,CG_left,0.32567205033879953,0.318316874845726,0.333027225831873,0.0034863658146596496,0.0013530249268665039
Schaefer,LH_SomMotB_Aud_3,0.325625632938644,0.362997916382071,0.288253349495217,0.03630547643196387,0.021671330684521158
Schaefer,LH_VisPeri_StriCal_1,0.3254337025019815,0.34604554807227,0.304821856931693,0.06217464815369613,0.009416856371956191
Schaefer,LH_VisCent_ExStr_5,0.325079793166026,0.351491277322451,0.298668309009601,0.04988286985179125,0.030039960227331422
Schaefer,LH_SalVentAttnA_ParMed_1,0.3249074014942575,0.358288238858855,0.29152656412966,0.03909482970995163,0.019195209206872038
Schaefer,LH_SomMotB_Aud_4,0.323795684102875,0.370603320208967,0.276988047996783,0.03532380016126069,0.020185028721252687
Schaefer,RH_DorsAttnA_TempOcc_2,0.3234091146744865,0.354570092425358,0.292248136923615,0.03767598502156211,0.019135434473271616
Tian,CAU-rh,0.321687518625646,0.360066307331338,0.283308729919954,0.04060460171649154,0.005702507516867678
Schaefer,RH_SomMotB_S2_2,0.3205829980049395,0.37184854596884,0.269317450041039,0.07762663868757394,0.026969980305204026
Schaefer,LH_SomMotA_8,0.32011102672453295,0.343340849143226,0.29688120430584,0.051245925578184505,0.03020163649686407
Schaefer,RH_ContC_pCun_2,0.3199342556841485,0.33090416734256,0.308964344025737,0.04878048586864441,0.011065222084903108
Tian,CAU-lh,0.319847385178632,0.364066731703648,0.275628038653616,0.03302063669149692,0.021088179166500385
Schaefer,RH_ContC_pCun_5,0.3196123295749395,0.336572491779481,0.302652167370398,0.047310152084480785,0.0619269997040008
Schaefer,LH_SomMotB_Ins_1,0.31947435337908403,0.372458729844096,0.266489976914072,0.035535453121788456,0.03117428443684483
Schaefer,RH_SomMotB_S2_7,0.3193609830168675,0.3591748911989,0.279547074834835,0.047408534586429595,0.03277438874356449
TractSeg,MLF_right,0.31923976428804846,0.29834182520485,0.340137703371247,0.011228265189132721,0.0011697767439129692
Schaefer,RH_VisPeri_StriCal_2,0.31915371533736947,0.342362674401696,0.295944756273043,0.10750349169703806,0.042100355385025594
Schaefer,LH_VisPeri_ExStrSup_2,0.3191008615956405,0.326139793762017,0.312061929429264,0.06888807367142569,0.03702929823378169
Schaefer,LH_SomMotB_S2_6,0.319002054885278,0.353541469449,0.284462640321556,0.034418718501698545,0.005076141942878665
Schaefer,RH_ContC_Cingp_2,0.318643539737053,0.354234425206995,0.283052654267111,0.025225525237109563,0.009188105237402329
Schaefer,LH_SomMotA_1,0.318115151271798,0.345349206141675,0.290881096401921,0.04586592876592522,0.028762078978730447
Schaefer,RH_SomMotB_S2_3,0.317447053174402,0.35255930236487,0.282334803983934,0.0900727395425763,0.03465981886052249
Schaefer,LH_VisCent_ExStr_4,0.317428615397675,0.330288705654045,0.304568525141305,0.05685975374653936,0.005564024159684777
Schaefer,LH_SalVentAttnA_ParOper_1,0.3171205452884955,0.35863489782206,0.275606192754931,0.03701869381336391,0.009223721316320642
Schaefer,RH_TempPar_8,0.31648364480714997,0.356969436821658,0.275997852792642,0.028988403436101852,0.04718112573027611
TractSeg,ST_FO_left,0.316452278419797,0.320536085624001,0.312368471215593,0.02273391492258058,0.0030690785125394
Schaefer,LH_SomMotA_17,0.3164058264337915,0.30971121068851,0.323100442179073,0.03243195354614569,0.026511133580968
Schaefer,LH_VisPeri_ExStrSup_1,0.3164001243383835,0.345876539877697,0.28692370879907,0.09686694076148475,0.026075747560679426
Schaefer,LH_DorsAttnB_PostC_7,0.315849146929092,0.325078603736752,0.306619690121432,0.036712839446624394,0.03892240865409167
Schaefer,LH_VisCent_ExStr_1,0.314995008178847,0.345396862463798,0.284593153893896,0.06772436394467708,0.003315178659355756
Schaefer,RH_SalVentAttnA_FrMed_3,0.3146143199732645,0.340782075660378,0.288446564286151,0.024310795875442145,0.048224356668585676
Schaefer,LH_SalVentAttnA_ParMed_3,0.3145346285650485,0.328051134076787,0.30101812305331,0.06541879122802453,0.02826621178393216
Schaefer,LH_SomMotB_S2_1,0.3144875199067725,0.355330363093623,0.273644676719922,0.05620360289048772,0.017834762840167336
Schaefer,LH_SalVentAttnA_ParOper_2,0.31406227081146554,0.357695493517378,0.270429048105553,0.04660278564052922,0.011062717331307275
TractSeg,ST_PREM_left,0.3137552746010225,0.309504288550423,0.318006260651622,0.02130450772855318,0.001903178051791408
TractSeg,CC_5,0.31329588645754247,0.311135136660664,0.315456636254421,0.006222000766447786,0.0032709946817889505
Schaefer,RH_SalVentAttnA_Ins_3,0.3132568871590215,0.379603668541092,0.246910105776951,0.04878048598766327,0.03382861274526494
TractSeg,ICP_right,0.313200456666898,0.344016394047261,0.282384519286535,0.03347300472479709,0.010778210650252728
Schaefer,RH_SalVentAttnA_ParMed_2,0.3130839179209825,0.348628217732905,0.27753961810906,0.03146819568732206,0.017312290154251397
Schaefer,RH_SomMotA_15,0.313040263962034,0.311988115962995,0.314092411961073,0.05514315828896951,0.04153410944601764
TractSeg,AF_left,0.3130237746695495,0.30086162221792,0.325185927121179,0.006491943648237326,0.0005882321265778293
Schaefer,LH_VisPeri_ExStrSup_3,0.3129682202807625,0.33334185247763,0.292594588083895,0.060056797037385916,0.019963246808476644
Schaefer,RH_VisCent_ExStr_5,0.3122481258751435,0.333503117680509,0.290993134069778,0.05921988957470957,0.07203188437084279
Schaefer,RH_ContB_PFClv_4,0.3121963741624195,0.328685026559476,0.295707721765363,0.028165570064084832,0.017681568205555723
Schaefer,LH_ContB_PFCmp_1,0.312053594947452,0.382457263266621,0.241649926628283,0.05461060977949385,0.02743902338439958
Schaefer,LH_SalVentAttnA_ParMed_2,0.31148349699171296,0.35043967018404,0.272527323799386,0.06275851989698689,0.013835400996500985
Schaefer,LH_ContC_Cingp_2,0.31120949916338947,0.350398417083572,0.272020581243207,0.07395121675729752,0.06536585170030594
Schaefer,RH_DorsAttnA_TempOcc_3,0.310900536624684,0.325872051309736,0.295929021939632,0.03685917544447285,0.02097813626799559
Schaefer,RH_SomMotB_Aud_1,0.3107694796921165,0.369895711500565,0.251643247883668,0.0716020619164364,0.06917315781796622
Schaefer,RH_SalVentAttnA_Ins_2,0.31004167498851454,0.366721758947404,0.253361591029625,0.06825486585035805,0.04140669182520504
Schaefer,LH_SomMotB_Cent_4,0.30974149654273453,0.31318167159339,0.306301321492079,0.009772249701007313,0.004522694065081363
Schaefer,RH_VisPeri_ExStrSup_3,0.30966248658380346,0.318297832095793,0.301027141071814,0.06565552791293595,0.017763202138641635
Schaefer,RH_VisCent_ExStr_6,0.309365403039753,0.331147384212645,0.287583421866861,0.050180882625460055,0.08227330758169507
Schaefer,RH_DorsAttnA_ParOcc_1,0.3093598720921295,0.314943261628912,0.303776482555347,0.04120975449085235,0.013970731031894683
Schaefer,LH_DorsAttnB_FEF_1,0.30910930793783853,0.346050141490374,0.272168474385303,0.014681505491432635,0.007419685546827162
Schaefer,LH_SomMotB_S2_5,0.3082258434050935,0.343983841418873,0.272467845391314,0.0856003722963998,0.04209662124944421
Schaefer,LH_SomMotA_10,0.3080997034420785,0.313325477159399,0.302873929724758,0.03843311014387644,0.022357722829011353
Schaefer,LH_DefaultA_pCunPCC_5,0.307462984648076,0.358221425849857,0.256704543446295,0.0785246845062186,0.03593099171795496
Schaefer,LH_VisCent_ExStr_7,0.3070901283081115,0.315030834084149,0.299149422532074,0.04034647672811401,0.0014816502753262207
TractSeg,ICP_left,0.3070308715699525,0.334133728948239,0.279928014191666,0.03255590424756774,0.008770525015287379
Schaefer,RH_SalVentAttnB_PFCl_2,0.30643744828034547,0.326930450569977,0.285944445990714,0.03492101790295641,0.028445196451235645
Schaefer,RH_VisCent_ExStr_4,0.30593206973550846,0.32628971039929,0.285574429071727,0.032345483406683875,0.008567182126865592
Schaefer,LH_DorsAttnA_TempOcc_4,0.304231476551566,0.321389430435711,0.287073522667421,0.024283502291667904,0.0011741473651297504
Schaefer,LH_SomMotA_13,0.3039380561787845,0.317028018464365,0.290848093893204,0.008852754864427778,0.02800361210549319
Schaefer,LH_DefaultB_PFCd_3,0.3037855659761815,0.324633314543833,0.28293781740853,0.01909536348685932,0.01881372087202777
Schaefer,RH_ContB_PFCld_1,0.3033651114204565,0.319859114433731,0.286871108407182,0.03699929804076725,0.02929376450904667
Schaefer,LH_VisPeri_ExStrSup_5,0.303048970506747,0.30905126813936,0.297046672874134,0.060195119738578794,0.013268292188644408
TractSeg,MLF_left,0.302718045438479,0.285409445013692,0.320026645863266,0.008557979995760868,0.0007742934283756075
Schaefer,LH_SomMotA_3,0.30222406376619104,0.313190041738975,0.291258085793407,0.05284552630924043,0.04529616502778871
Schaefer,LH_VisPeri_ExStrInf_5,0.3019501739953945,0.334134062783054,0.269766285207735,0.09957253829259233,0.06336434227750473
Schaefer,RH_SomMotA_5,0.30188337665071496,0.320241563779943,0.283525189521487,0.03512449058083197,0.019880588709687192
Schaefer,LH_VisCent_ExStr_10,0.3016097326152455,0.298958254064049,0.304261211166442,0.04445713174133795,0.030141119611602166
Schaefer,RH_DefaultA_pCunPCC_4,0.30124563192898746,0.344332378913566,0.258158884944409,0.02708034329664181,0.010491391260396032
TractSeg,CC_4,0.301048417554009,0.28182252692805,0.320274308179968,0.006078107346566338,0.0031038983462550714
Schaefer,RH_SomMotA_2,0.3009573204627505,0.311374511609684,0.290540129315817,0.04192484999830658,0.07185233754886164
Schaefer,LH_ContB_PFClv_3,0.30046438767663597,0.314344451874826,0.286584323478446,0.018338992833336697,0.015869094752058197
Schaefer,RH_SalVentAttnB_PFCl_1,0.29978974683816,0.323900621120906,0.275678872555414,0.027939287593859267,0.026240276801327803
Schaefer,RH_DorsAttnB_PostC_1,0.29963561075220146,0.332770170974589,0.266501050529814,0.03295706388009481,0.029631121468938086
Schaefer,RH_SomMotB_S2_1,0.2993402023678575,0.336334187575067,0.262346217160648,0.06927648850348818,0.06456240830050797
Schaefer,LH_SomMotA_9,0.299250907113407,0.309786288661055,0.288715525565759,0.01747284212908825,0.03330600394734314
Schaefer,LH_SomMotA_11,0.2992430740634865,0.299837003940185,0.298649144186788,0.029649105656989003,0.0428869328201925
Schaefer,RH_VisPeri_ExStrSup_4,0.2990012882235165,0.298011675324701,0.299990901122332,0.03945647708046964,0.09761782556702762
Schaefer,RH_SalVentAttnA_PrC_1,0.2980998559482845,0.328965410836897,0.267234301059672,0.03316478163185643,0.03978286574526531
Schaefer,LH_SalVentAttnA_Ins_2,0.2978480430634745,0.365968769876164,0.229727316250785,0.04040296757998674,0.007741251037172649
Schaefer,LH_SomMotB_Cent_2,0.29774161098288654,0.308079913299983,0.28740330866579,0.01397229996907651,0.014339992111951262
Schaefer,LH_VisPeri_ExStrInf_3,0.29735646637348645,0.312064214703513,0.28264871804346,0.07008235374247873,0.009185935673001525
Schaefer,RH_VisCent_ExStr_3,0.2972925109805935,0.314738454805395,0.279846567155792,0.06313851576931072,0.0067188216549045636
Schaefer,RH_DorsAttnA_SPL_3,0.2972182523674185,0.305321730297798,0.289114774437039,0.07228057391017023,0.14046643609113066
Schaefer,RH_SalVentAttnA_FrMed_2,0.29695409892699953,0.341480187908701,0.252428009945298,0.025223080486786075,0.02212968392343056
Schaefer,RH_ContB_PFCld_3,0.29663630336902347,0.337203180940271,0.256069425797776,0.04681215061430345,0.04852374671844014
Schaefer,LH_SalVentAttnB_PFCl_3,0.29648804459576095,0.315623376482594,0.277352712708928,0.018445887289304828,0.009927686809295386
Schaefer,LH_TempPar_6,0.2963706401231855,0.332766097401941,0.25997518284443,0.026022660832001467,0.003552909412487285
Schaefer,LH_SomMotA_14,0.295918134924558,0.297288364161085,0.294547905688031,0.019460300287456378,0.07481404304081667
Schaefer,RH_SalVentAttnA_Ins_1,0.2958182174803335,0.364555512002268,0.227080922958399,0.07665504938443238,0.06150230644054191
Schaefer,LH_ContC_pCun_1,0.2957333453348995,0.309803950785451,0.281662739884348,0.05399291722043868,0.011113296202834575
Schaefer,RH_VisCent_ExStr_1,0.29557983402050547,0.317884772907162,0.273274895133849,0.06066643551621639,0.0036413602216143004
Schaefer,RH_TempPar_4,0.295555716483485,0.326664956196347,0.264446476770623,0.03439024249091745,0.025853657498955726
Schaefer,RH_DorsAttnB_FEF_1,0.295268431329548,0.317713189315521,0.272823673343575,0.02455070516780803,0.040275993291288614
Schaefer,RH_VisPeri_ExStrSup_2,0.2952421975233615,0.302437420382175,0.288046974664548,0.031300811767578124,0.023170730819304784
Schaefer,RH_SomMotA_8,0.295216207616316,0.30450655309122,0.285925862141412,0.012411602943606631,0.03795641285956964
Schaefer,LH_DefaultA_pCunPCC_4,0.29470643628039295,0.336220702717305,0.253192169843481,0.040159796460949145,0.020710680505325055
Schaefer,RH_DorsAttnB_PostC_6,0.2936706101039715,0.297841536536899,0.289499683671044,0.042168673097967624,0.032667253151476144
Schaefer,LH_ContC_pCun_3,0.2934399490655455,0.3106299995702,0.276249898560891,0.05076783898252028,0.015537488156998598
Schaefer,RH_SalVentAttnA_Ins_4,0.2930729221374735,0.335388288735026,0.250757555539921,0.049626390239751406,0.04624277241312699
Schaefer,RH_TempPar_7,0.292761577658659,0.328075384491521,0.257447770825797,0.04456163314548699,0.010810810408076724
Schaefer,RH_TempPar_9,0.292703409775463,0.328203312785048,0.257203506765878,0.05781849477496849,0.016837934325189156
Schaefer,LH_VisCent_ExStr_2,0.2925112421172795,0.312428766719937,0.272593717514622,0.053074542922732976,0.004122294590506755
Schaefer,LH_SomMotA_18,0.2924170015905365,0.289776140057062,0.295057863124011,0.013696059555961536,0.07110693896046051
Schaefer,LH_VisCent_ExStr_9,0.2917107572621905,0.293896668649789,0.289524845874592,0.03813122483101529,0.005496392761107902
Schaefer,RH_VisPeri_ExStrInf_3,0.2915388255588375,0.30579204514511,0.277285605972565,0.06380130632258044,0.010410469570537893
Schaefer,RH_DefaultA_PFCm_3,0.2914124723805015,0.331348352642781,0.251476592118222,0.02690669656213787,0.010404567929014327
Schaefer,LH_SomMotA_6,0.291143695547715,0.303939666262247,0.278347724833183,0.0542594528608564,0.02067868422338928
Schaefer,LH_DorsAttnA_ParOcc_1,0.291122034999322,0.307962646512174,0.27428142348647,0.032543552752052035,0.0038327524704592567
Schaefer,RH_DefaultA_PFCd_1,0.2910337405943385,0.299453899465063,0.282613581723614,0.022720495270779198,0.012046036736306468
Schaefer,RH_TempPar_10,0.290941596168801,0.327715171412923,0.254168020924679,0.048644984140992165,0.031165310533510314
Schaefer,LH_TempPar_5,0.290900940480529,0.324140490123946,0.257661390837112,0.03112787913880954,0.0066702598242799225
Schaefer,LH_DefaultA_PFCm_4,0.290221169077363,0.324664277306599,0.255778060848127,0.03866515259525573,0.040886744279270026
Schaefer,RH_DorsAttnA_SPL_8,0.289724231883892,0.297909139259458,0.281539324508326,0.04802419918105584,0.0858385295195635
Schaefer,LH_SalVentAttnB_PFCl_1,0.28965049898856754,0.31012812552,0.269172872457135,0.014634145796298981,0.008790649985894562
Schaefer,RH_SalVentAttnA_ParMed_1,0.2892403479230355,0.330416847000159,0.248063848845912,0.03614982417119401,0.014663181799863065
Schaefer,RH_SalVentAttnA_FrOper_1,0.28892416320729597,0.326368399674325,0.251479926740267,0.041559690168421516,0.016367136647826748
Schaefer,RH_VisPeri_ExStrSup_1,0.28853650382428253,0.306115996611852,0.270957011036713,0.06664164848052538,0.021313320054457737
Schaefer,RH_VisPeri_ExStrInf_5,0.2885084546729545,0.333200436274066,0.243816473071843,0.0692368191645442,0.0699112033857728
Schaefer,RH_SalVentAttnA_ParMed_3,0.2885066901630975,0.313847747738385,0.26316563258781,0.0664212277287957,0.03696885869000693
Schaefer,LH_DorsAttnB_PostC_6,0.28817747198246546,0.284031381118101,0.29232356284683,0.022749963537817112,0.016474111495833648
Schaefer,RH_ContB_PFCmp_1,0.28806368205238553,0.357299294262831,0.21882806984194,0.047678516998168934,0.016088744603007674
Schaefer,RH_ContB_PFCld_2,0.2876282301869605,0.326541299843408,0.248715160530513,0.03103787153101242,0.04320958595644261
Schaefer,RH_SomMotA_10,0.28737356664005054,0.291789907598799,0.282957225681302,0.049538731652220294,0.0544673300546068
Schaefer,LH_VisPeri_ExStrSup_4,0.2873487661829685,0.291628846950996,0.283068685414941,0.04438721240492341,0.048931978272725336
Schaefer,LH_DorsAttnA_SPL_6,0.2869490952973865,0.29642272737325,0.277475463221523,0.03776154372141446,0.04605670231701759
Schaefer,LH_SalVentAttnB_Ins_3,0.2862706479747465,0.339833021765402,0.232708274184091,0.05012718665819227,0.05835702325120294
Schaefer,RH_VisCent_ExStr_9,0.28619661775896454,0.27965518861054,0.292738046907389,0.036909128685968115,0.021152600052609907
TractSeg,SLF_III_right,0.285323940997084,0.254566326180058,0.31608155581411,0.0064930782024119355,0.000626235968760542
Schaefer,RH_VisCent_ExStr_10,0.28515770239433247,0.282336056677675,0.28797934811099,0.03817151021410916,0.04592022285469051
Schaefer,LH_VisCent_ExStr_6,0.283982389897971,0.288319938522867,0.279644841273075,0.02989368241948959,0.002751719703276952
Schaefer,RH_VisCent_ExStr_11,0.2839459852248535,0.284323828799349,0.283568141650358,0.03972419316758587,0.023772768393347535
Schaefer,RH_DorsAttnA_ParOcc_2,0.2821320874865625,0.307147936119647,0.257116238853478,0.029747637408661706,0.012759057686508046
Schaefer,LH_DorsAttnA_SPL_2,0.282055887029646,0.287036606543352,0.27707516751594,0.03361898341349193,0.05461907671570317
Schaefer,LH_ContA_Temp_1,0.2819379777020665,0.304107298704026,0.259768656700107,0.03073602308214238,0.0006043600033869786
Tian,pTHA-rh,0.281758225825096,0.338732875296837,0.224783576353355,0.04110785215483297,0.0192751535940963
Schaefer,LH_LimbicA_TempPole_1,0.281670715754657,0.328624434285646,0.234716997223668,0.05132450130058835,0.02277499507643924
TractSeg,ILF_right,0.28153337876533246,0.282111820448802,0.280954937081863,0.01743089363310072,0.002471544623374939
Schaefer,RH_SomMotA_14,0.2811720995583315,0.292369745229194,0.269974453887469,0.027741573978471393,0.04189163838861553
Schaefer,LH_VisCent_ExStr_11,0.281088425277273,0.283235289730539,0.278941560824007,0.039495563663711604,0.005820398896255277
Schaefer,RH_TempPar_6,0.281044656033831,0.309563564794883,0.252525747272779,0.025335601336041163,0.01720552054024482
Schaefer,LH_VisCent_ExStr_8,0.2806966738631985,0.281582749834458,0.279810597891939,0.040788436887219726,0.007867820307941307
Schaefer,RH_SomMotA_13,0.2794353602355555,0.281739812430569,0.277130908040542,0.015853657945990564,0.05975609496235847
Schaefer,RH_ContB_IPL_1,0.2792985407233425,0.325692555981003,0.232904525465682,0.05298216603383297,0.03187128381819284
Schaefer,LH_DefaultB_PFCl_2,0.279269678703593,0.31177793018875,0.246761427218436,0.01645749402277678,0.011958323057415416
Schaefer,RH_DefaultC_Rsp_1,0.279203676042848,0.321819857437916,0.23658749464778,0.0939120378667914,0.06491261480126793
Schaefer,RH_SomMotA_7,0.279169850160526,0.291206115817647,0.267133584503405,0.03444875288764743,0.0854644633608687
Schaefer,RH_SalVentAttnB_Ins_2,0.2787154188588795,0.326050395864826,0.231380441852933,0.03771979425882184,0.027566646715236266
Schaefer,RH_DefaultC_IPL_1,0.27800456999929346,0.293189041345511,0.262820098653076,0.042774323158652164,0.014101425269558803
Schaefer,RH_LimbicA_TempPole_1,0.2776893093873815,0.330655280613313,0.22472333816145,0.06514577819141505,0.025406503107869762
Schaefer,LH_ContC_Cingp_1,0.27758175938584295,0.313659005804481,0.241504512967205,0.04110715144805694,0.005480953481759918
Schaefer,RH_DefaultA_pCunPCC_3,0.2775694631138385,0.30963266106256,0.245506265165117,0.025233709545918775,0.011949110400436247
Schaefer,RH_SomMotA_16,0.27756610633295,0.281891466747618,0.273240745918282,0.03341780032043333,0.0898004403555548
Schaefer,RH_DorsAttnB_PostC_8,0.276874493461152,0.274305508523655,0.279443478398649,0.05274873945329871,0.12795198918689812
Schaefer,LH_ContA_PFClv_2,0.2767895007940895,0.299288294653574,0.254290706934605,0.014290124285716906,0.0024257927028223146
Schaefer,LH_DorsAttnB_PostC_2,0.276531309811231,0.305282838289076,0.247779781333386,0.011999477796694812,0.002999869459134372
Schaefer,LH_SalVentAttnA_ParOper_3,0.27651946548441053,0.314341108548425,0.238697822420396,0.030905444965991256,0.00943868992569512
Schaefer,RH_SomMotA_4,0.2758413242342075,0.291516213109368,0.260166435359047,0.04359271994658879,0.0734030166315654
Schaefer,LH_SomMotA_12,0.27535700346353453,0.296861389184414,0.253852617742655,0.023667082009771762,0.026099532300410566
Schaefer,RH_VisPeri_ExStrInf_4,0.2749939743447315,0.292110717515037,0.257877231174426,0.06644238572267966,0.023268852489946902
Schaefer,RH_DefaultB_PFCv_3,0.274495146458733,0.341302053118671,0.207688239798795,0.03649119358207729,0.03512571654264531
Schaefer,RH_SomMotA_6,0.2742647204145485,0.286146448678388,0.262382992150709,0.03425296408231141,0.04558176596145161
Schaefer,LH_TempPar_3,0.2739880613282135,0.293774100412678,0.254202022243749,0.01493902385700494,0.003277438902296126
Schaefer,LH_DorsAttnB_PostC_1,0.2738539039748915,0.305842971875833,0.24186483607395,0.028475016626773528,0.013675111951758561
Schaefer,LH_DorsAttnB_PostC_8,0.2737960240571815,0.272690925746342,0.274901122368021,0.026620619196807388,0.047341533444799855
Schaefer,RH_TempPar_5,0.273752069409049,0.304277894841474,0.243226243976624,0.031138210073113442,0.008130080997943878
Schaefer,RH_DefaultB_PFCd_5,0.273713942697881,0.317620589334322,0.22980729606144,0.025342057263705788,0.07311124051126038
Schaefer,LH_ContA_PFCl_2,0.2733087839993325,0.312889066691798,0.233728501306867,0.020058642462140223,0.006030920750456429
Schaefer,LH_SomMotA_4,0.272952165729277,0.282923388521335,0.262980942937219,0.010723296488667357,0.0114241654759851
Schaefer,RH_VisCent_ExStr_7,0.27282758367544946,0.27241235863948,0.273242808711419,0.041994749091741605,0.024838357850948345
TractSeg,ST_FO_right,0.2723922134655795,0.274319060233524,0.270465366697635,0.022157158691242778,0.0035729348841421725
Schaefer,RH_SomMotB_Cent_1,0.271626984948848,0.286793007888056,0.25646096200964,0.025806450555401463,0.08701809293800784
Schaefer,LH_TempPar_1,0.2710222577483855,0.326464143590466,0.215580371906305,0.03899043495928882,0.03904702462549829
Schaefer,RH_SomMotA_20,0.2705176799724655,0.274024917878122,0.267010442066809,0.03460777727131908,0.14057349438804226
Schaefer,LH_SalVentAttnA_Ins_3,0.2703291206282335,0.31858973314148,0.222068508114987,0.04232141016264678,0.010411645201119509
Schaefer,LH_DefaultA_pCunPCC_7,0.270183680653979,0.28091208912262,0.259455272185338,0.04154450585470175,0.00829642528996748
Schaefer,RH_SalVentAttnA_ParMed_4,0.2698577099021615,0.289642554286794,0.250072865517529,0.038767649390195544,0.01694480039571461
Schaefer,LH_DorsAttnB_PostC_5,0.26961971846454147,0.279619093837149,0.259620343091934,0.02952503112324497,0.00924261831923535
Schaefer,RH_DorsAttnB_PostC_7,0.26961954136049304,0.261152527804275,0.278086554916711,0.03401269492221205,0.08299364878298485
Schaefer,LH_VisPeri_ExStrInf_2,0.2694865414737825,0.291341015209025,0.24763206773854,0.09270161258991651,0.015886365168396085
Schaefer,RH_DorsAttnA_SPL_1,0.269309357026641,0.265389374553267,0.273229339500015,0.06101359835480604,0.03388800142431556
Schaefer,LH_ContA_IPS_3,0.2690082547652645,0.300237971585095,0.237778537945434,0.043584931090738646,0.024534563870119624
Schaefer,RH_ContA_PFCl_3,0.2680072133003875,0.309390841391876,0.226623585208899,0.026785150536117013,0.03819247346746829
Tian,HIP-rh,0.267685130880713,0.315044661749506,0.22032560001192,0.061364813503010054,0.017125064176870576
TractSeg,SLF_II_right,0.267535320765964,0.232234752760507,0.302835888771421,0.0034481008806248464,0.00017747578062039652
Schaefer,RH_LimbicA_TempPole_2,0.2673923175378335,0.311550625464321,0.223234009611346,0.06549461167022057,0.01613635371885122
Schaefer,RH_ContA_PFCd_1,0.2668152235545125,0.285148720315867,0.248481726793158,0.036585364373283344,0.044825311330658896
Schaefer,RH_DorsAttnA_SPL_5,0.266755992007486,0.268655809235345,0.264856174779627,0.055010602343827486,0.0337354173357396
Schaefer,RH_VisCent_ExStr_8,0.26630430227504454,0.26901978023342,0.263588824316669,0.04698248723378548,0.0446372716090618
TractSeg,SLF_I_left,0.2661570223173745,0.256685189079735,0.275628855555014,0.0014905960367710166,0.00016075055298510964
Schaefer,LH_SomMotA_15,0.265738972583193,0.282699539521921,0.248778405644465,0.04261283833405067,0.06398934449186955
Schaefer,RH_ContB_PFCld_4,0.264932109380859,0.285668916786908,0.24419530197481,0.026897651026739137,0.07941645422828532
Schaefer,RH_DorsAttnA_SPL_7,0.2646165397554635,0.256804343842095,0.272428735668832,0.04348361501564281,0.03393692873192556
Schaefer,LH_ContA_PFCd_1,0.264558038039286,0.286150955110362,0.24296512096821,0.02089836433885413,0.05735146047430287
Schaefer,RH_ContB_IPL_4,0.2640897279674455,0.292795135023428,0.235384320911463,0.04678804362323922,0.03490209419962386
Schaefer,RH_DorsAttnA_ParOcc_3,0.263943833492645,0.26611636455054,0.26177130243475,0.03377727732846612,0.026476250520270122
Schaefer,LH_SomMotA_7,0.263824675999558,0.286209786437897,0.241439565561219,0.04729883578196864,0.060861634351661274
TractSeg,ILF_left,0.2635610756034745,0.259336227802768,0.267785923404181,0.013910784977470513,0.001599740272409109
Schaefer,RH_DefaultA_PFCm_4,0.2633801768449455,0.29061478969917,0.236145563990721,0.020930035497387388,0.005654485399954046
Schaefer,LH_DefaultB_PFCd_1,0.26325255470340947,0.304308416325705,0.222196693081114,0.050932566142257524,0.040829744865643045
Schaefer,RH_SalVentAttnA_FrOper_3,0.262616572674858,0.309680769727978,0.215552375621738,0.028508076153985866,0.017025656611114354
Schaefer,LH_ContB_IPL_3,0.2624930503606285,0.306158867871011,0.218827232850246,0.028142588117565863,0.009224514978436323
Schaefer,LH_DefaultB_PFCl_1,0.26229352960512553,0.288921157217577,0.235665901992674,0.01820029490486239,0.025406502977465138
Schaefer,LH_SomMotA_16,0.2619944653741145,0.276684413858004,0.247304516890225,0.019359071759899635,0.05534288307209186
Schaefer,RH_DorsAttnB_PostC_5,0.2618270679942935,0.27552318800789,0.248130947980697,0.03586800433526751,0.01754773141841543
Schaefer,LH_DorsAttnA_TempOcc_2,0.261355938484181,0.299390111174986,0.223321765793376,0.06782877393689554,0.012651999204577906
TractSeg,UF_right,0.2613029154332155,0.26908741351575,0.253518417350681,0.018602016797531092,0.006459324879320346
TractSeg,SLF_II_left,0.2612048901420815,0.232821618535808,0.289588161748355,0.0016069240328617058,0.00023865208408837215
Schaefer,LH_DorsAttnA_SPL_5,0.26053523397407297,0.264250544860048,0.256819923088098,0.051931378516283905,0.023573344760534295
Schaefer,LH_DorsAttnB_PostC_4,0.260209901693371,0.278565663624043,0.241854139762699,0.032991632891162005,0.005537881259469019
Schaefer,RH_SomMotA_11,0.2597083669228725,0.271434439313651,0.247982294532094,0.03855810465072008,0.049677185823812205
Tian,HIP-lh,0.2596981616224855,0.305196949622234,0.214199373622737,0.07801355675723579,0.02148454625576412
Schaefer,LH_SomMotA_5,0.2596976970522785,0.272856178822472,0.246539215282085,0.031024389028549194,0.00507317054271698
Schaefer,LH_VisPeri_ExStrInf_1,0.259619317856365,0.280417151218167,0.238821484494563,0.06331731366026135,0.01344200424348327
Schaefer,RH_DefaultA_PFCd_2,0.2589370524757685,0.277617672169151,0.240256432782386,0.03771687062822052,0.04224289523572037
Schaefer,RH_TempPar_2,0.2589326036481875,0.298947041972745,0.21891816532363,0.037231601583652005,0.00583698120382097
Schaefer,LH_DorsAttnA_ParOcc_2,0.258743645810497,0.268695314381439,0.248791977239555,0.038295992494168866,0.0147886539881046
Schaefer,RH_SomMotA_1,0.25857632601792147,0.28200192095693,0.235150731078913,0.01829268229859216,0.015505225850003107
Schaefer,RH_ContA_PFCl_2,0.258302588143415,0.299082760897021,0.217522415389809,0.030405404021006985,0.023236650319115537
Schaefer,LH_DorsAttnB_FEF_2,0.2581648122306165,0.285719227050856,0.230610397410377,0.012332919458884978,0.004202838503034775
Schaefer,RH_VisPeri_ExStrInf_1,0.257904245019784,0.281493076480628,0.23431541355894,0.06762504465795774,0.01324503260271965
Schaefer,RH_ContC_pCun_4,0.257746170834612,0.273927603120054,0.24156473854917,0.03663596643822816,0.016293896771812835
Schaefer,LH_DefaultC_Rsp_1,0.257578535375958,0.294531802171288,0.220625268580628,0.05792682711035013,0.0451219496006767
Schaefer,LH_DorsAttnA_SPL_3,0.2574835865256765,0.263580138979277,0.251387034072076,0.04087804728746414,0.004878048598766327
Schaefer,RH_DorsAttnB_PostC_3,0.2570177664626225,0.269566804052043,0.244468728873202,0.05378634362241587,0.029396100596048948
Schaefer,RH_ContA_IPS_4,0.25687495930055904,0.271947846105405,0.241802072495713,0.03512194981177648,0.0099186988423268
Schaefer,RH_DorsAttnB_TempOcc_1,0.256645236212209,0.276735389313558,0.23655508311086,0.036548742235780834,0.022412655746435618
Schaefer,LH_DorsAttnB_PrCv_1,0.256206230009216,0.292878494316972,0.21953396570146,0.042705934958637885,0.016382880227745703
Schaefer,RH_DorsAttnA_TempOcc_1,0.256147457312689,0.289219634368483,0.223075280256895,0.04112074025406325,0.021433849903670223
Schaefer,LH_DefaultB_PFCd_6,0.2561452996916455,0.278903341955216,0.233387257428075,0.04410130260802573,0.0751593812799854
Schaefer,RH_DorsAttnA_SPL_6,0.25610304819645346,0.261197663142006,0.251008433250901,0.02382008158541345,0.01742160211909901
Schaefer,RH_ContA_IPS_1,0.25601806789390247,0.276818192065399,0.235217943722406,0.06364607180122041,0.07495103847153865
Schaefer,RH_DorsAttnB_PostC_4,0.2559620927533245,0.275393552651965,0.236530632854684,0.04153244197368622,0.010009203492751662
Schaefer,LH_ContB_PFClv_2,0.2550382889030675,0.27272803781267,0.237348539993465,0.028895447042527472,0.0133602605171644
Schaefer,RH_SomMotA_18,0.254662514671823,0.263450154937997,0.245874874405649,0.01057219658287759,0.07317072906648252
Schaefer,LH_DorsAttnB_FEF_3,0.253903595138406,0.281505899597138,0.226301290679674,0.030781269113329006,0.0023477239245399436
Schaefer,LH_ContA_IPS_1,0.25378830170280997,0.273409962158523,0.234166641247097,0.06226163858717138,0.02589800338853489
Schaefer,RH_DefaultA_IPL_1,0.2533289736561455,0.282141039758348,0.224516907553943,0.03067257832655143,0.0158378200936111
Schaefer,RH_DefaultB_Temp_2,0.253247395558717,0.290819662691612,0.215675128425822,0.061961071622191055,0.022542497312480755
Schaefer,LH_DefaultC_Rsp_2,0.2532024839012825,0.286788332143528,0.219616635659037,0.05656773206519793,0.011313546448946
Schaefer,RH_DefaultA_PFCm_5,0.252686362816764,0.277522125987642,0.227850599645886,0.0320593398832476,0.05072919087311656
Schaefer,RH_ContA_PFCl_1,0.2523125600649925,0.298483777962673,0.206141342167312,0.049830397085243505,0.029074461624914446
Schaefer,RH_SalVentAttnA_FrMed_4,0.2522478858120455,0.290304393090475,0.214191378533616,0.03841463271528482,0.12560975099913776
Schaefer,LH_DefaultA_pCunPCC_3,0.2520740518251025,0.273859880042431,0.230288223607774,0.052517700639943925,0.00786782032059085
Schaefer,RH_SalVentAttnB_PFClv_1,0.2518683668078105,0.300221657205626,0.203515076409995,0.03831516890555409,0.027849851849865406
Schaefer,RH_ContB_IPL_3,0.25151419257892504,0.289244680783217,0.213783704374633,0.03379371002256631,0.0660201755453305
TractSeg,UF_left,0.2503284022759845,0.255919118936809,0.24473768561516,0.012294067715957731,0.004798891623532796
Schaefer,LH_DorsAttnB_PostC_3,0.2502780885356275,0.276698896605205,0.22385728046605,0.03666455356718658,0.03682293176844523
TractSeg,SLF_III_left,0.2501655353727965,0.224317764542904,0.276013306202689,0.005374121337623919,0.0003046060677195744
Schaefer,LH_ContA_IPS_4,0.2498791099599455,0.271646965237156,0.228111254682735,0.030870038915925952,0.011285037758635052
Schaefer,LH_DorsAttnA_SPL_4,0.249806929432493,0.259850485955473,0.239763372909513,0.029947513219299195,0.00910774891889548
Schaefer,RH_SomMotA_19,0.2495412245680635,0.259866069306187,0.23921637982994,0.030295249270765406,0.06461274895751686
Schaefer,RH_SomMotA_9,0.24938466848684498,0.232345962415992,0.266423374557698,0.04411001392501466,0.03321224587394836
Schaefer,LH_DefaultA_pCunPCC_6,0.24929571762810251,0.262124369929544,0.236467065326661,0.08367208318991794,0.008807587696032392
Schaefer,LH_TempPar_4,0.2489082980019305,0.264244349685932,0.233572246317929,0.03016945713734531,0.0042119696736335754
Schaefer,RH_ContB_IPL_2,0.2488581999112825,0.288599863339213,0.209116536483352,0.033388035635522235,0.05347744676256401
Schaefer,RH_DorsAttnA_SPL_4,0.248477916581024,0.253710965998184,0.243244867163864,0.03895503271953755,0.051323544322314424
Schaefer,LH_VisPeri_ExStrInf_4,0.2479691948400065,0.292803826572814,0.203134563107199,0.13301905551377466,0.11867185375269722
Tian,GP-lh,0.2479178442733,0.262451077673116,0.233384610873484,0.0343454440257379,0.008959681099774887
Schaefer,LH_DefaultB_IPL_1,0.24710906182410303,0.272779080522669,0.221439043125537,0.029059002378789504,0.006198180562788897
Schaefer,LH_LimbicA_TempPole_6,0.247073920776321,0.295447134836085,0.198700706716557,0.08131967275781588,0.0522324691619508
Schaefer,LH_ContB_PFCd_1,0.24688388513182552,0.271843454588861,0.22192431567479,0.04257519453658653,0.060673961369814386
Schaefer,LH_DorsAttnA_SPL_7,0.24683969656399601,0.244084441078137,0.249594952049855,0.044676358345896006,0.05804408778651403
Schaefer,RH_ContC_pCun_3,0.24646239308724,0.249103402023101,0.243821384151379,0.049582043129233686,0.00996221189207874
Schaefer,RH_ContA_PFCl_5,0.246135165249599,0.281760099172279,0.210510231326919,0.03506097405971516,0.010380371274160487
Schaefer,RH_DorsAttnA_SPL_2,0.2456095806676455,0.257273524178667,0.233945637156624,0.02803057765782769,0.0016381506488394382
Schaefer,RH_DorsAttnB_PostC_2,0.2456072405204655,0.271086635086773,0.220127845954158,0.050143915859068404,0.04923496228752669
Schaefer,LH_DefaultC_IPL_1,0.244855853504435,0.271346928751671,0.218364778257199,0.0361297227032892,0.015974269103217913
Schaefer,LH_TempPar_2,0.2447726545075885,0.275626452727503,0.213918856287674,0.01729880670487618,0.002686150076630882
Schaefer,LH_DefaultB_IPL_2,0.244691957229001,0.280123967811025,0.209259946646977,0.015955011502667343,0.0021578499163443536
Schaefer,RH_SomMotA_12,0.244610580032666,0.261243145913117,0.227978014152215,0.028097559958696366,0.046048778653144835
Schaefer,RH_DefaultB_Temp_1,0.24442065449107053,0.283086290745485,0.205755018236656,0.06035675063951692,0.019585001090569282
Schaefer,RH_DefaultB_PFCd_2,0.244048794292442,0.281574414830292,0.206523173754592,0.04629568885462533,0.04564179530012703
Schaefer,RH_ContA_PFCl_4,0.2432798752918055,0.281060174735282,0.205499575848329,0.026433404710592398,0.010598901405696469
TractSeg,CC_1,0.2431005023431085,0.235204499548814,0.250996505137403,0.01365041346129833,0.005618104054683011
Schaefer,LH_SalVentAttnB_OFC_1,0.2428466357363085,0.27315267810814,0.212540593364477,0.009093472098856303,0.0014098406354815973
Schaefer,RH_LimbicA_TempPole_3,0.242210751335739,0.289338277171014,0.195083225500464,0.052940062196679814,0.03945295139184602
Schaefer,RH_ContA_IPS_3,0.2419307003064855,0.273937094668469,0.209924305944502,0.029616723586986592,0.012670256149072152
Schaefer,RH_ContA_IPS_2,0.241831616057064,0.270663672096237,0.212999560017891,0.02807714006062164,0.0951503082503413
Schaefer,LH_DefaultB_Temp_1,0.24098517758551802,0.276573978462687,0.205396376708349,0.026098509059419274,0.014646799618863874
Schaefer,LH_DefaultB_Temp_5,0.240401199256235,0.263158951171473,0.217643447340997,0.039043295940803004,0.0036868971967419914
Schaefer,RH_SomMotA_17,0.24003926726618852,0.258960194540343,0.221118339992034,0.014347201761077432,0.07548835344309181
Schaefer,LH_SalVentAttnA_FrOper_2,0.23999531262420698,0.280481456035388,0.199509169213026,0.02898223323310599,0.011818728858122119
Schaefer,LH_DefaultC_Rsp_3,0.23994744300306148,0.260184170408578,0.219710715597545,0.05253283125467789,0.015902795798175936
Schaefer,LH_SalVentAttnB_Ins_2,0.239533950275921,0.296027381030362,0.18304051952148,0.024036761067339762,0.014374925930430923
Schaefer,RH_DefaultC_Rsp_2,0.239305890017656,0.25791562704552,0.220696152989792,0.039233799835648196,0.01601379584859718
Schaefer,LH_DefaultA_PFCm_3,0.2390487263466805,0.249189497318782,0.228907955374579,0.051757247957188314,0.024102169111019044
Schaefer,RH_ContB_Temp_2,0.23893846622432452,0.264747050534335,0.213129881914314,0.04133390722615001,0.022177853596817076
Schaefer,RH_SalVentAttnA_ParOper_3,0.2388536782787355,0.276160754803303,0.201546601754168,0.04347481634225938,0.05369021015411073
Schaefer,RH_DefaultA_IPL_2,0.238717709141131,0.270516621960937,0.206918796321325,0.04386932836061689,0.056671446939399336
Schaefer,LH_ContA_IPS_5,0.238586334333943,0.261697553407948,0.215475115259938,0.029650883551906138,0.002678144328734454
Schaefer,LH_DefaultA_PFCd_3,0.238401406388746,0.266089919421948,0.210712893355544,0.02096036498551257,0.020293444278649986
Schaefer,RH_ContB_PFClv_1,0.237788417987216,0.284575434827566,0.191001401146866,0.017953928870459396,0.006690379154557983
Schaefer,LH_DorsAttnA_TempOcc_1,0.2374178221763005,0.270419674713547,0.204415969639054,0.03211717927423062,0.0045017803872912385
Schaefer,LH_LimbicA_TempPole_3,0.2365563366693545,0.296082354745229,0.17703031859348,0.06838246046399778,0.049004935870872686
Schaefer,LH_ContB_Temp_2,0.236430179256577,0.25924205582187,0.213618302691284,0.019163762295276533,0.0
Schaefer,RH_DefaultA_PFCm_1,0.23539564855745698,0.2637184292626,0.207072867852314,0.029238456376010854,0.01517863736832543
Schaefer,RH_ContC_pCun_1,0.2349752600857365,0.249878608553706,0.220071911617767,0.039827105506688734,0.01728928617284268
Schaefer,RH_DefaultB_PFCd_3,0.23472394897127702,0.29377448353264,0.175673414409914,0.040537093912059834,0.012322596660474451
Tian,GP-rh,0.2345519268924815,0.256301807399644,0.212802046385319,0.048030016934260344,0.00838023733634215
Schaefer,LH_ContB_IPL_1,0.2342297805988525,0.273805927295117,0.194653633902588,0.03032734154380466,0.01821245113387704
Schaefer,RH_DefaultC_IPL_2,0.233910737614057,0.249556642080709,0.218264833147405,0.04735276442838878,0.052290301370184596
Schaefer,LH_ContB_IPL_2,0.2335443743493815,0.2759436133026,0.191145135396163,0.020950593293095246,0.013836772491534552
Schaefer,LH_SalVentAttnA_Ins_4,0.2332399897728435,0.245889380261058,0.220590599284629,0.0402349992281329,0.012284136982294766
Schaefer,RH_DefaultA_PFCm_6,0.23254640157336398,0.282585634770281,0.182507168376447,0.015478423342872888,0.0031269542299784147
TractSeg,SLF_I_right,0.2322012058287175,0.187375691315707,0.277026720341728,0.002168551160174576,0.00017872674397043212
Schaefer,LH_ContA_IPS_2,0.2316508521806025,0.277206752924762,0.186094951436443,0.0218163982557891,0.017526657100598416
Schaefer,RH_TempPar_1,0.231580896642304,0.287983135042778,0.17517865824183,0.03892060048244101,0.050467045105835225
Schaefer,LH_DefaultB_PFCv_2,0.231266403751116,0.27609165860687,0.186441148895362,0.02006123885834888,0.002322880285126822
Schaefer,RH_TempPar_3,0.23059184712289799,0.264979952245246,0.19620374200055,0.04846978192306628,0.004660555986082478
Schaefer,LH_SalVentAttnB_Ins_1,0.23028404226211002,0.288925445823815,0.171642638700405,0.02408150592936745,0.0061747450617295275
Schaefer,RH_DorsAttnB_FEF_2,0.229645737014245,0.24160936869449,0.217682105334,0.026476250520270122,0.003931322061505757
Schaefer,RH_DefaultC_PHC_1,0.2295072827642475,0.284228108745677,0.174786456782818,0.055774103997001515,0.04379753309125114
Schaefer,LH_DefaultB_PFCv_4,0.22927232743186052,0.277485974211205,0.181058680652516,0.021293069339460798,0.006516969688828029
Schaefer,RH_ContB_PFClv_2,0.228478705437315,0.256114232091841,0.200843178782789,0.03655540095573561,0.01300413447091269
Schaefer,LH_DefaultA_PFCd_2,0.228303219565928,0.248113425218534,0.208493013913322,0.017772735175929328,0.020514273914948915
Schaefer,LH_DorsAttnA_SPL_1,0.2281004410168755,0.237543847554258,0.218657034479493,0.021457239042354536,0.00015436862654323819
Schaefer,RH_DefaultB_AntTemp_1,0.227963377692085,0.269932565086229,0.185994190297941,0.04195293549343314,0.017648573650020948
Schaefer,LH_ContA_Cingm_1,0.22767393449428402,0.276089266879099,0.179258602109469,0.1022385521090194,0.08402939748070011
Schaefer,LH_DefaultB_Temp_4,0.2274914583201665,0.255349112212683,0.19963380442765,0.03107711428838839,0.003800452064127612
Schaefer,LH_ContA_PFClv_1,0.2273880689003625,0.263570759580264,0.191205378220461,0.029989058707194465,0.004762211033096414
Schaefer,LH_LimbicA_TempPole_2,0.2262994966220375,0.258945627638081,0.193653365605994,0.055198970799308675,0.029586159365069597
Schaefer,RH_ContC_Cingp_1,0.225709045955649,0.247020784179406,0.204397307731892,0.030052263555782183,0.009146341122686863
Schaefer,RH_ContB_PFClv_3,0.2254987968044755,0.263774414955405,0.187223178653546,0.038148841546954956,0.023283782251605385
Schaefer,LH_LimbicB_OFC_2,0.2248907344710555,0.271464303717779,0.178317165224332,0.028055828689150727,0.007942102232190685
Schaefer,LH_ContB_Temp_1,0.2248265592062455,0.249081224549866,0.200571893862625,0.03825038088643683,0.0005400053799372317
Schaefer,RH_DefaultB_PFCv_1,0.2247030477928515,0.285807734774084,0.163598360811619,0.05405590337899963,0.04788983100502009
AAN,DR,0.22424541383095048,0.27594588805278,0.172544939609121,0.07060333439394047,0.03979460620566418
Schaefer,LH_SomMotA_19,0.222797365367284,0.229084110451064,0.216510620283504,0.002177700267306396,0.07883274967649154
Schaefer,RH_SalVentAttnB_Ins_1,0.222533041197071,0.279031399157951,0.166034683236191,0.03290381816760549,0.018522778877391004
Schaefer,LH_DefaultB_PFCv_1,0.2222532994628515,0.274947870908234,0.169558728017469,0.03047332015428294,0.016974682143210233
Schaefer,LH_DefaultA_PFCm_2,0.22167452635645848,0.253604788747639,0.189744263965278,0.04352396800471791,0.062289736779599356
Schaefer,RH_DefaultB_PFCd_4,0.22145256294869448,0.263078697688464,0.179826428208925,0.02920266747006921,0.07142075633989321
Schaefer,LH_ContA_PFCl_1,0.22140770944094101,0.257706573042059,0.185108845839823,0.03385750809684396,0.011633504035049364
Schaefer,LH_DefaultC_PHC_1,0.2213740342427295,0.282304577614761,0.160443490870698,0.11978853376481334,0.101886334861147
Schaefer,LH_DefaultB_Temp_2,0.221060870667127,0.25502084489676,0.187100896437494,0.022107853268811463,0.002685164366293391
Schaefer,LH_DefaultB_PFCv_5,0.22048252279527653,0.262611184026289,0.178353861564264,0.020181730404204012,0.011764705458692477
Tian,pTHA-lh,0.219579966949434,0.24307877550853,0.196081158390338,0.026719284527972145,0.017144335260916136
Schaefer,RH_ContB_Temp_1,0.21892762203971,0.249522693550609,0.188332550528811,0.04622902438467276,0.025947067133606748
Schaefer,LH_DefaultB_Temp_6,0.217747998163915,0.23753145004266,0.19796454628517,0.02204306473542457,0.0012246147109873625
Schaefer,LH_DefaultB_PFCd_2,0.2174969410509705,0.236488485892616,0.198505396209325,0.02620268143286371,0.034954169943074515
Schaefer,LH_DefaultA_PFCd_1,0.21624297710350499,0.216076563692986,0.216409390514024,0.041570231699160416,0.011304966779085842
Schaefer,RH_DefaultA_PFCm_2,0.2156945741961265,0.218516994887741,0.212872153504512,0.03177245303944239,0.017008032904003777
Schaefer,RH_ContA_Cingm_1,0.21561803276108701,0.262602835714666,0.168633229807508,0.026810648787112635,0.004096071342475542
Schaefer,LH_DefaultA_IPL_1,0.215400485705979,0.233091343454653,0.197709627957305,0.034543890325508454,0.008165896316325612
Schaefer,LH_DefaultC_PHC_3,0.21428208438282553,0.26832152102137,0.160242647744281,0.07836864917167549,0.07290416890806188
AAN,PO,0.2141512745199145,0.255987474752408,0.172315074287421,0.007621950935572386,0.019054877338930964
Schaefer,LH_DefaultC_PHC_2,0.2141498090938115,0.262532646901441,0.165766971286182,0.053773311990148884,0.016011477147831635
Schaefer,LH_ContB_PFClv_1,0.213831931626165,0.246086244499669,0.181577618752661,0.017234608197788007,0.002661547088772325
Schaefer,LH_LimbicB_OFC_5,0.2098319499806845,0.224851017128158,0.194812882833211,0.031573303354965464,0.01908335492506132
Schaefer,RH_DefaultC_PHC_2,0.2088625780795135,0.252347742040265,0.165377414118762,0.04779926922985877,0.017731986939907074
Schaefer,RH_DefaultA_Temp_1,0.20840713006089,0.224020593368815,0.192793666752965,0.02618113496191018,0.019358689382255493
Schaefer,LH_DefaultA_IPL_2,0.207969220058783,0.225988241424573,0.189950198692993,0.03366617418375591,0.023626342715833012
Schaefer,RH_SalVentAttnB_IPL_1,0.2077902294560445,0.22161904123895,0.193961417673139,0.02815330901316234,0.045574911130326135
Schaefer,RH_VisPeri_ExStrInf_2,0.2068157100361005,0.255205873389958,0.158425546682243,0.06940458928618361,0.10688665290089215
Schaefer,RH_DefaultA_pCunPCC_5,0.2046738053540145,0.214384758037642,0.194962852670387,0.051829266273194834,0.0074041809088417464
Schaefer,LH_DefaultA_pCunPCC_1,0.20403600679384049,0.215719546814719,0.192352466772962,0.052827297137724445,0.008640489703871209
Schaefer,LH_DefaultA_PFCm_1,0.20194836636453,0.212673212361651,0.191223520367409,0.05497800664660709,0.04078368482286813
Schaefer,LH_DorsAttnB_PostC_9,0.20125070398028,0.199470766936591,0.203030641023969,0.026299044554648193,0.06617178942846215
Schaefer,LH_DefaultA_pCunPCC_2,0.198864981471649,0.191014525618002,0.206715437325296,0.05736098661399614,0.006148232998445093
Schaefer,RH_LimbicA_TempPole_5,0.19852690623340852,0.237101537699621,0.159952274767196,0.06405675251456076,0.03640412055193239
Schaefer,LH_LimbicA_TempPole_7,0.196295080004027,0.262712070623211,0.129878089384843,0.12422642437046144,0.12167818980541692
Schaefer,LH_DefaultB_PFCv_3,0.193033454211131,0.235884560362918,0.150182348059344,0.03845859620264705,0.010857098738788437
Schaefer,RH_LimbicB_OFC_2,0.190162357894279,0.21935631883218,0.160968396956378,0.04963744059205055,0.043045482542869204
AAN,MRF,0.1887378796534805,0.239733499192299,0.137742260114662,0.021276594952065894,0.021276594952065894
Schaefer,RH_DorsAttnB_FEF_3,0.18872642194463,0.193079221808973,0.184373622080287,0.023170730844140053,0.056859754212200644
TractSeg,FX_left,0.187206948709072,0.214998672688221,0.159415224729923,0.04457527065071566,0.12279225654643157
Schaefer,LH_DefaultB_PFCd_5,0.18643220903664948,0.223175191320217,0.149689226753082,0.029178903208977265,0.08300344491894332
Schaefer,LH_DefaultB_Temp_3,0.183404337391966,0.197802750971005,0.169005923812927,0.026506291455738077,0.0007239113217347289
Tian,NAc-lh,0.1820565809848205,0.211861056837705,0.152252105131936,0.11978853310417072,0.009852216381744798
Schaefer,LH_ContA_PFCl_3,0.1819133148328545,0.213119193286348,0.150707436379361,0.033561780494599305,0.00886917927048423
Schaefer,LH_DefaultA_PFCm_5,0.1802903648574105,0.177453916832874,0.183126812881947,0.030249760807813466,0.0391122814905536
Schaefer,RH_DefaultA_pCunPCC_1,0.17975154839624502,0.178259207088518,0.181243889703972,0.016412983011258275,0.006326792355542793
Schaefer,LH_DefaultB_PFCd_4,0.179459275222145,0.208588977878022,0.150329572566268,0.03125329815593117,0.08626332662967376
AAN,MR,0.178715665606447,0.21941381634851,0.138017514864384,0.02545068834138953,0.02545068834138953
Schaefer,RH_DefaultB_PFCv_2,0.1783053432881845,0.236867381077059,0.11974330549931,0.049082844387278085,0.03507357250806714
Schaefer,RH_LimbicB_OFC_4,0.177073006161291,0.202052022996556,0.152093989326026,0.02513579620804849,0.0014911065585748598
Schaefer,LH_LimbicA_TempPole_5,0.176856169725908,0.222101699647865,0.131610639803951,0.031165310435674408,0.009238728406754408
Schaefer,RH_DefaultA_pCunPCC_2,0.175137897384544,0.173599980648886,0.176675814120202,0.017867271030365034,0.013613158880278121
TractSeg,FX_right,0.1750996206973985,0.19155636333659,0.158642878058207,0.15679441977824485,0.13327525529478276
Schaefer,LH_SomMotB_S2_3,0.174013806000152,0.337014812322855,0.011012799677449,0.09174405216048452,0.052454330307669224
AAN,PAG,0.173032679370255,0.208768857531772,0.137296501208738,0.09436225060556756,0.033986404171732605
Tian,NAc-rh,0.16940799454036048,0.191068498401214,0.147747490679507,0.11394247868612631,0.01322654968322213
Schaefer,RH_LimbicA_TempPole_4,0.16643883812410198,0.212665746807366,0.120211929440838,0.036357181297766196,0.0161756497503814
Schaefer,RH_DefaultB_PFCd_1,0.16396752342696902,0.183863585975015,0.144071460878923,0.02990033086451185,0.03913783168178856
AAN,PPN,0.163646115833425,0.202796287202917,0.124495944463933,0.14092140355043942,0.020325202494859695
AAN,PBC,0.1585930427335995,0.190079489223761,0.127106596243438,0.030129123698262608,0.024390242993831635
TractSeg,CC_3,0.156069613663272,0.158205263760073,0.153933963566471,0.007083393912204725,0.009347158974917705
Schaefer,LH_LimbicB_OFC_4,0.149774426407015,0.180157266233751,0.119391586580279,0.05943992544471482,0.057271903606108676
Schaefer,LH_LimbicA_TempPole_4,0.1407903251497785,0.16113765847696,0.120442991822597,0.07542617056638964,0.018620508092065013
Schaefer,RH_LimbicA_TempPole_6,0.123371570145325,0.146422690113432,0.100320450177218,0.051197030645911044,0.02832415315412706
AAN,VTA,0.11394784710025349,0.145138364107408,0.082757330093099,0.1463414579629898,0.024390242993831635
Schaefer,RH_LimbicB_OFC_1,0.1083525189721845,0.133283236979073,0.083421800965296,0.055508828742377066,0.016515023492533584
Schaefer,RH_LimbicB_OFC_6,0.1043404435952965,0.121419671892153,0.08726121529844,0.04149144768029794,0.0064479952528216375
Tian,AMY-lh,0.094626254984904,0.132243372690132,0.057009137279676,0.06913315517374792,0.021011864690965897
Schaefer,RH_LimbicB_OFC_5,0.087179140510704,0.103066163319397,0.071292117702011,0.047359695037206016,0.044281314732958967
AAN,LC,0.072754575878056,0.124971419601983,0.020537732154129,0.0104529612830707,0.012195121496915817
Schaefer,LH_LimbicB_OFC_3,0.062902789936358,0.120540485051501,0.005265094821215,0.046000859363790884,0.012880240753890998
Tian,AMY-rh,0.043486030939925494,0.069757913201369,0.017214148678482,0.06467619584552173,0.01412952010487688
Schaefer,RH_LimbicB_OFC_3,0.0177680056326575,0.027393235631018,0.008142775634297,0.04884467073961308,0.02169447921608624
Schaefer,LH_LimbicB_OFC_1,0.0082827150828265,0.013975331744348,0.002590098421305,0.04474236618801458,0.006622516309583424
Schaefer,LH_SalVentAttnA_FrMed_3,0.0063135776340935,0.013296234997326,-0.000669079729139,0.012668718448252354,0.07364432557115277
TractSeg,CA,0.0,0.0,0.0,0.04431146614670013,0.00946826203176694
Schaefer,LH_DorsAttnA_TempOcc_3,0.0,0.0,0.0,0.030368243630220688,0.0008369201027295168
